names,label
9641.jpg,0
9648.jpg,0
9654.jpg,0
9660.jpg,0
9661.jpg,0
9662.jpg,0
9668.jpg,0
9669.jpg,0
9672.jpg,0
9673.jpg,0
9674.jpg,0
9676.jpg,0
9683.jpg,0
9685.jpg,8
9696.jpg,2
9698.jpg,0
9700.jpg,0
9716.jpg,2
9717.jpg,0
9718.jpg,0
9739.jpg,0
9749.jpg,0
9751.jpg,0
9757.jpg,0
9769.jpg,0
9772.jpg,0
9777.jpg,0
9778.jpg,0
9782.jpg,1
9784.jpg,1
9785.jpg,1
9787.jpg,1
9790.jpg,1
9791.jpg,1
9792.jpg,1
9793.jpg,3
9796.jpg,1
9798.jpg,1
9807.jpg,1
9814.jpg,1
9817.jpg,1
9822.jpg,3
9826.jpg,1
9835.jpg,1
9840.jpg,1
9844.jpg,1
9845.jpg,1
9850.jpg,3
9864.jpg,1
9867.jpg,1
9873.jpg,1
9877.jpg,1
9879.jpg,1
9885.jpg,1
9888.jpg,1
9892.jpg,1
9895.jpg,1
9896.jpg,1
9898.jpg,1
9908.jpg,1
9916.jpg,3
9924.jpg,1
9945.jpg,1
9955.jpg,2
9958.jpg,2
9962.jpg,2
9969.jpg,2
9974.jpg,0
9975.jpg,2
9983.jpg,2
9990.jpg,2
10002.jpg,2
10013.jpg,2
10015.jpg,2
10018.jpg,2
10019.jpg,2
10022.jpg,2
10030.jpg,0
10031.jpg,6
10034.jpg,2
10040.jpg,2
10045.jpg,2
10046.jpg,2
10051.jpg,2
10060.jpg,2
10062.jpg,2
10064.jpg,2
10068.jpg,2
10074.jpg,2
10075.jpg,2
10077.jpg,2
10080.jpg,0
10081.jpg,2
10090.jpg,4
10101.jpg,3
10102.jpg,3
10108.jpg,3
10113.jpg,3
10118.jpg,3
10119.jpg,3
10120.jpg,3
10125.jpg,3
10127.jpg,1
10130.jpg,3
10145.jpg,3
10151.jpg,1
10153.jpg,3
10156.jpg,3
10166.jpg,4
10168.jpg,3
10173.jpg,3
10177.jpg,3
10180.jpg,3
10184.jpg,3
10191.jpg,3
10192.jpg,3
10196.jpg,1
10204.jpg,3
10205.jpg,3
10219.jpg,3
10220.jpg,3
10229.jpg,2
10231.jpg,3
10241.jpg,0
10245.jpg,4
10254.jpg,3
10269.jpg,6
10272.jpg,4
10281.jpg,4
10286.jpg,4
10287.jpg,6
10291.jpg,4
10295.jpg,4
10298.jpg,4
10299.jpg,4
10300.jpg,4
10311.jpg,4
10316.jpg,4
10317.jpg,4
10318.jpg,3
10319.jpg,4
10321.jpg,4
10328.jpg,4
10334.jpg,4
10341.jpg,4
10343.jpg,4
10348.jpg,4
10350.jpg,0
10355.jpg,4
10362.jpg,4
10375.jpg,3
10376.jpg,3
10379.jpg,1
10381.jpg,4
10383.jpg,4
10388.jpg,4
10389.jpg,3
10392.jpg,0
10396.jpg,3
10397.jpg,0
10399.jpg,1
10400.jpg,9
10403.jpg,8
10404.jpg,9
10412.jpg,9
10425.jpg,9
10426.jpg,0
10457.jpg,4
10458.jpg,0
10480.jpg,9
10489.jpg,4
10491.jpg,9
10495.jpg,4
10502.jpg,8
10503.jpg,0
10504.jpg,0
10506.jpg,3
10508.jpg,1
10511.jpg,9
10512.jpg,3
10513.jpg,6
10519.jpg,6
10523.jpg,6
10528.jpg,1
10542.jpg,6
10546.jpg,0
10554.jpg,3
10559.jpg,4
10560.jpg,9
10562.jpg,6
10568.jpg,6
10576.jpg,2
10581.jpg,6
10587.jpg,6
10589.jpg,6
10591.jpg,6
10592.jpg,6
10593.jpg,1
10610.jpg,6
10612.jpg,6
10613.jpg,6
10615.jpg,6
10619.jpg,6
10621.jpg,2
10630.jpg,6
10633.jpg,6
10639.jpg,3
10645.jpg,9
10656.jpg,3
10659.jpg,9
10662.jpg,9
10668.jpg,9
10670.jpg,8
10671.jpg,6
10672.jpg,3
10677.jpg,0
10689.jpg,3
10692.jpg,2
10697.jpg,8
10702.jpg,0
10709.jpg,8
10710.jpg,8
10713.jpg,9
10720.jpg,2
10727.jpg,8
10729.jpg,8
10731.jpg,8
10742.jpg,8
10750.jpg,8
10751.jpg,8
10754.jpg,2
10763.jpg,8
10767.jpg,8
10768.jpg,9
10773.jpg,8
10775.jpg,8
10781.jpg,8
10791.jpg,8
10799.jpg,8
10808.jpg,8
10810.jpg,8
10814.jpg,8
10817.jpg,0
10832.jpg,8
10838.jpg,8
10841.jpg,8
10842.jpg,8
10843.jpg,8
10844.jpg,8
10848.jpg,9
10857.jpg,9
10870.jpg,6
10876.jpg,9
10877.jpg,3
10878.jpg,6
10887.jpg,1
10893.jpg,6
10895.jpg,9
10905.jpg,9
10906.jpg,9
10915.jpg,9
10918.jpg,9
10931.jpg,9
10933.jpg,9
10936.jpg,9
10937.jpg,9
10939.jpg,9
10953.jpg,9
10957.jpg,9
10959.jpg,9
10962.jpg,9
13913.jpg,0
13914.jpg,0
13920.jpg,1
13926.jpg,2
13930.jpg,3
13932.jpg,3
13933.jpg,4
13935.jpg,4
13939.jpg,2
13955.jpg,8
13956.jpg,8
13961.jpg,9
13962.jpg,9
14451.jpg,8
14457.jpg,9
14461.jpg,6
